CUST001;Male;30-44;38;2023-11-24;1;150.00;150.000000
CUST002;Female;18-29;308;2023-02-27;1;1000.00;1000.000000
CUST003;Male;45-59;353;2023-01-13;1;30.00;30.000000
CUST004;Male;30-44;225;2023-05-21;1;500.00;500.000000
CUST005;Male;30-44;240;2023-05-06;1;100.00;100.000000
CUST006;Female;45-59;251;2023-04-25;1;30.00;30.000000
CUST007;Male;45-59;294;2023-03-13;1;50.00;50.000000
CUST008;Male;30-44;313;2023-02-22;1;100.00;100.000000
CUST009;Male;60+;19;2023-12-13;1;600.00;600.000000
CUST010;Female;45-59;86;2023-10-07;1;200.00;200.000000
CUST011;Male;18-29;321;2023-02-14;1;100.00;100.000000
CUST012;Male;30-44;63;2023-10-30;1;75.00;75.000000
CUST013;Male;18-29;149;2023-08-05;1;1500.00;1500.000000
CUST014;Male;60+;349;2023-01-17;1;120.00;120.000000
CUST015;Female;30-44;350;2023-01-16;1;2000.00;2000.000000
CUST016;Male;18-29;318;2023-02-17;1;1500.00;1500.000000
CUST017;Female;18-29;254;2023-04-22;1;100.00;100.000000
CUST018;Female;45-59;246;2023-04-30;1;50.00;50.000000
CUST019;Female;60+;107;2023-09-16;1;50.00;50.000000
CUST020;Male;18-29;57;2023-11-05;1;900.00;900.000000
CUST021;Female;45-59;352;2023-01-14;1;500.00;500.000000
CUST022;Male;18-29;78;2023-10-15;1;100.00;100.000000
CUST023;Female;30-44;264;2023-04-12;1;120.00;120.000000
CUST024;Female;45-59;33;2023-11-29;1;300.00;300.000000
CUST025;Female;60+;6;2023-12-26;1;50.00;50.000000
CUST026;Female;18-29;86;2023-10-07;1;1000.00;1000.000000
CUST027;Female;30-44;151;2023-08-03;1;50.00;50.000000
CUST028;Female;30-44;253;2023-04-23;1;500.00;500.000000
CUST029;Female;30-44;136;2023-08-18;1;30.00;30.000000
CUST030;Female;30-44;64;2023-10-29;1;900.00;900.000000
CUST031;Male;30-44;223;2023-05-23;1;1200.00;1200.000000
CUST032;Male;30-44;362;2023-01-04;1;90.00;90.000000
CUST033;Female;45-59;284;2023-03-23;1;100.00;100.000000
CUST034;Female;45-59;8;2023-12-24;1;150.00;150.000000
CUST035;Female;45-59;149;2023-08-05;1;900.00;900.000000
CUST036;Male;45-59;191;2023-06-24;1;900.00;900.000000
CUST037;Female;18-29;223;2023-05-23;1;75.00;75.000000
CUST038;Male;30-44;286;2023-03-21;1;200.00;200.000000
CUST039;Male;18-29;255;2023-04-21;1;120.00;120.000000
CUST040;Male;45-59;193;2023-06-22;1;50.00;50.000000
CUST041;Male;30-44;313;2023-02-22;1;50.00;50.000000
CUST042;Male;18-29;318;2023-02-17;1;900.00;900.000000
CUST043;Female;45-59;171;2023-07-14;1;300.00;300.000000
CUST044;Female;18-29;316;2023-02-19;1;25.00;25.000000
CUST045;Female;45-59;182;2023-07-03;1;30.00;30.000000
CUST046;Female;18-29;189;2023-06-26;1;1200.00;1200.000000
CUST047;Female;30-44;56;2023-11-06;1;1500.00;1500.000000
CUST048;Male;45-59;230;2023-05-16;1;900.00;900.000000
CUST049;Female;45-59;343;2023-01-23;1;1000.00;1000.000000
CUST050;Female;18-29;130;2023-08-24;1;75.00;75.000000
CUST051;Male;18-29;91;2023-10-02;1;75.00;75.000000
CUST052;Female;30-44;302;2023-03-05;1;300.00;300.000000
CUST053;Male;30-44;172;2023-07-13;1;100.00;100.000000
CUST054;Female;30-44;325;2023-02-10;1;1500.00;1500.000000
CUST055;Male;30-44;83;2023-10-10;1;120.00;120.000000
CUST056;Female;18-29;215;2023-05-31;1;900.00;900.000000
CUST057;Female;60+;44;2023-11-18;1;30.00;30.000000
CUST058;Male;18-29;49;2023-11-13;1;1200.00;1200.000000
CUST059;Male;60+;180;2023-07-05;1;50.00;50.000000
CUST060;Male;30-44;70;2023-10-23;1;150.00;150.000000
CUST061;Male;18-29;267;2023-04-09;1;200.00;200.000000
CUST062;Male;18-29;5;2023-12-27;1;100.00;100.000000
CUST063;Male;45-59;330;2023-02-05;1;50.00;50.000000
CUST064;Male;45-59;342;2023-01-24;1;100.00;100.000000
CUST065;Male;45-59;27;2023-12-05;1;2000.00;2000.000000
CUST066;Female;45-59;249;2023-04-27;1;30.00;30.000000
CUST067;Female;45-59;217;2023-05-29;1;1200.00;1200.000000
CUST068;Male;18-29;325;2023-02-10;1;300.00;300.000000
CUST069;Female;45-59;246;2023-04-30;1;75.00;75.000000
CUST070;Female;30-44;314;2023-02-21;1;300.00;300.000000
CUST071;Female;45-59;171;2023-07-14;1;100.00;100.000000
CUST072;Female;18-29;223;2023-05-23;1;2000.00;2000.000000
CUST073;Male;18-29;133;2023-08-21;1;90.00;90.000000
CUST074;Female;18-29;40;2023-11-22;1;2000.00;2000.000000
CUST075;Male;60+;179;2023-07-06;1;200.00;200.000000
CUST076;Female;18-29;282;2023-03-25;1;100.00;100.000000
CUST077;Female;45-59;176;2023-07-09;1;100.00;100.000000
CUST078;Female;45-59;184;2023-07-01;1;1500.00;1500.000000
CUST079;Male;30-44;258;2023-04-18;1;300.00;300.000000
CUST080;Female;60+;22;2023-12-10;1;60.00;60.000000
CUST081;Male;30-44;229;2023-05-17;1;50.00;50.000000
CUST082;Female;30-44;6;2023-12-26;1;200.00;200.000000
CUST083;Male;45-59;16;2023-12-16;1;100.00;100.000000
CUST084;Female;30-44;34;2023-11-28;1;90.00;90.000000
CUST085;Male;30-44;329;2023-02-06;1;150.00;150.000000
CUST086;Male;18-29;54;2023-11-08;1;90.00;90.000000
CUST087;Female;18-29;40;2023-11-22;1;100.00;100.000000
CUST088;Male;45-59;278;2023-03-29;1;500.00;500.000000
CUST089;Female;45-59;92;2023-10-01;1;2000.00;2000.000000
CUST090;Female;45-59;240;2023-05-06;1;30.00;30.000000
CUST091;Female;45-59;282;2023-03-25;1;500.00;500.000000
CUST092;Female;45-59;129;2023-08-25;1;120.00;120.000000
CUST093;Female;30-44;171;2023-07-14;1;2000.00;2000.000000
CUST094;Female;45-59;227;2023-05-19;1;1000.00;1000.000000
CUST095;Female;30-44;38;2023-11-24;1;60.00;60.000000
CUST096;Female;30-44;13;2023-12-19;1;600.00;600.000000
CUST097;Female;45-59;80;2023-10-13;1;1000.00;1000.000000
CUST098;Female;45-59;253;2023-04-23;1;100.00;100.000000
CUST099;Female;45-59;15;2023-12-17;1;1200.00;1200.000000
CUST100;Male;30-44;199;2023-06-16;1;30.00;30.000000
CUST1000;Male;45-59;264;2023-04-12;1;120.00;120.000000
CUST101;Male;30-44;337;2023-01-29;1;600.00;600.000000
CUST102;Female;45-59;248;2023-04-28;1;50.00;50.000000
CUST103;Female;45-59;349;2023-01-17;1;25.00;25.000000
CUST104;Female;30-44;204;2023-06-11;1;1000.00;1000.000000
CUST105;Female;18-29;160;2023-07-25;1;500.00;500.000000
CUST106;Female;45-59;228;2023-05-18;1;50.00;50.000000
CUST107;Female;18-29;332;2023-02-03;1;1200.00;1200.000000
CUST108;Female;18-29;257;2023-04-19;1;75.00;75.000000
CUST109;Female;30-44;75;2023-10-18;1;2000.00;2000.000000
CUST110;Male;18-29;204;2023-06-11;1;900.00;900.000000
CUST111;Female;30-44;257;2023-04-19;1;1500.00;1500.000000
CUST112;Male;30-44;30;2023-12-02;1;1500.00;1500.000000
CUST113;Female;30-44;110;2023-09-13;1;50.00;50.000000
CUST114;Female;18-29;163;2023-07-22;1;100.00;100.000000
CUST115;Male;45-59;36;2023-11-26;1;1500.00;1500.000000
CUST116;Female;18-29;131;2023-08-23;1;30.00;30.000000
CUST117;Male;18-29;292;2023-03-15;1;1000.00;1000.000000
CUST118;Female;30-44;230;2023-05-16;1;2000.00;2000.000000
CUST119;Female;60+;294;2023-03-13;1;150.00;150.000000
CUST120;Male;60+;239;2023-05-07;1;50.00;50.000000
CUST121;Female;18-29;78;2023-10-15;1;200.00;200.000000
CUST122;Male;60+;90;2023-10-03;1;120.00;120.000000
CUST123;Female;30-44;231;2023-05-15;1;60.00;60.000000
CUST124;Male;30-44;66;2023-10-27;1;2000.00;2000.000000
CUST125;Male;45-59;146;2023-08-08;1;100.00;100.000000
CUST126;Female;18-29;67;2023-10-26;1;90.00;90.000000
CUST127;Female;30-44;161;2023-07-24;1;50.00;50.000000
CUST128;Male;18-29;180;2023-07-05;1;500.00;500.000000
CUST129;Female;18-29;253;2023-04-23;1;600.00;600.000000
CUST130;Female;45-59;295;2023-03-12;1;500.00;500.000000
CUST131;Female;18-29;105;2023-09-18;1;600.00;600.000000
CUST132;Male;30-44;113;2023-09-10;1;200.00;200.000000
CUST133;Male;18-29;319;2023-02-16;1;900.00;900.000000
CUST134;Male;45-59;341;2023-01-25;1;50.00;50.000000
CUST135;Male;18-29;309;2023-02-26;1;50.00;50.000000
CUST136;Male;30-44;287;2023-03-20;1;600.00;600.000000
CUST137;Male;45-59;44;2023-11-18;1;1000.00;1000.000000
CUST138;Male;45-59;284;2023-03-23;1;200.00;200.000000
CUST139;Male;30-44;17;2023-12-15;1;2000.00;2000.000000
CUST140;Male;30-44;149;2023-08-05;1;30.00;30.000000
CUST141;Female;18-29;60;2023-11-02;1;50.00;50.000000
CUST142;Male;30-44;333;2023-02-02;1;1200.00;1200.000000
CUST143;Female;45-59;168;2023-07-17;1;50.00;50.000000
CUST144;Female;45-59;170;2023-07-15;1;1500.00;1500.000000
CUST145;Female;30-44;60;2023-11-02;1;75.00;75.000000
CUST146;Male;30-44;126;2023-08-28;1;200.00;200.000000
CUST147;Male;18-29;95;2023-09-28;1;300.00;300.000000
CUST148;Male;18-29;237;2023-05-09;1;60.00;60.000000
CUST149;Male;18-29;82;2023-10-11;1;75.00;75.000000
CUST150;Female;45-59;360;2023-01-06;1;120.00;120.000000
CUST151;Male;18-29;17;2023-12-15;1;50.00;50.000000
CUST152;Male;30-44;307;2023-02-28;1;2000.00;2000.000000
CUST153;Male;60+;16;2023-12-16;1;1000.00;1000.000000
CUST154;Male;45-59;91;2023-10-02;1;900.00;900.000000
CUST155;Male;30-44;229;2023-05-17;1;2000.00;2000.000000
CUST156;Female;30-44;37;2023-11-25;1;100.00;100.000000
CUST157;Male;60+;191;2023-06-24;1;2000.00;2000.000000
CUST158;Female;30-44;308;2023-02-27;1;600.00;600.000000
CUST159;Male;18-29;215;2023-05-31;1;200.00;200.000000
CUST160;Female;30-44;143;2023-08-11;1;100.00;100.000000
CUST161;Male;60+;285;2023-03-22;1;1000.00;1000.000000
CUST162;Male;30-44;133;2023-08-21;1;60.00;60.000000
CUST163;Female;60+;364;2023-01-02;1;150.00;150.000000
CUST164;Female;45-59;231;2023-05-15;1;1500.00;1500.000000
CUST165;Female;60+;109;2023-09-14;1;1200.00;1200.000000
CUST166;Male;30-44;274;2023-04-02;1;2000.00;2000.000000
CUST167;Female;30-44;106;2023-09-17;1;150.00;150.000000
CUST168;Male;45-59;311;2023-02-24;1;300.00;300.000000
CUST169;Male;18-29;45;2023-11-17;1;1500.00;1500.000000
CUST170;Female;18-29;213;2023-06-02;1;50.00;50.000000
CUST171;Female;45-59;38;2023-11-24;1;900.00;900.000000
CUST172;Male;30-44;106;2023-09-17;1;50.00;50.000000
CUST173;Male;60+;54;2023-11-08;1;120.00;120.000000
CUST174;Female;30-44;264;2023-04-12;1;300.00;300.000000
CUST175;Female;30-44;287;2023-03-20;1;100.00;100.000000
CUST176;Female;30-44;174;2023-07-11;1;100.00;100.000000
CUST177;Male;45-59;283;2023-03-24;1;100.00;100.000000
CUST178;Male;30-44;89;2023-10-04;1;60.00;60.000000
CUST179;Male;30-44;94;2023-09-29;1;300.00;300.000000
CUST180;Male;30-44;365;2023-01-01;1;900.00;900.000000
CUST181;Male;18-29;59;2023-11-03;1;1200.00;1200.000000
CUST182;Male;60+;200;2023-06-15;1;120.00;120.000000
CUST183;Female;30-44;115;2023-09-08;1;900.00;900.000000
CUST184;Male;30-44;356;2023-01-10;1;200.00;200.000000
CUST185;Male;18-29;308;2023-02-27;1;25.00;25.000000
CUST186;Male;18-29;180;2023-07-05;1;200.00;200.000000
CUST187;Female;60+;208;2023-06-07;1;100.00;100.000000
CUST188;Male;30-44;243;2023-05-03;1;75.00;75.000000
CUST189;Male;60+;336;2023-01-30;1;50.00;50.000000
CUST190;Female;60+;242;2023-05-04;1;90.00;90.000000
CUST191;Male;60+;75;2023-10-18;1;25.00;25.000000
CUST192;Male;60+;325;2023-02-10;1;100.00;100.000000
CUST193;Male;30-44;322;2023-02-13;1;1500.00;1500.000000
CUST194;Male;45-59;117;2023-09-06;1;200.00;200.000000
CUST195;Male;45-59;330;2023-02-05;1;30.00;30.000000
CUST196;Female;30-44;93;2023-09-30;1;900.00;900.000000
CUST197;Female;30-44;301;2023-03-06;1;200.00;200.000000
CUST198;Female;45-59;300;2023-03-07;1;900.00;900.000000
CUST199;Male;45-59;28;2023-12-04;1;1500.00;1500.000000
CUST200;Male;18-29;122;2023-09-01;1;150.00;150.000000
CUST201;Male;45-59;84;2023-10-09;1;25.00;25.000000
CUST202;Female;30-44;281;2023-03-26;1;1200.00;1200.000000
CUST203;Male;45-59;230;2023-05-16;1;1000.00;1000.000000
CUST204;Male;30-44;95;2023-09-28;1;25.00;25.000000
CUST205;Female;30-44;55;2023-11-07;1;25.00;25.000000
CUST206;Male;60+;149;2023-08-05;1;25.00;25.000000
CUST207;Female;30-44;257;2023-04-19;1;50.00;50.000000
CUST208;Female;30-44;89;2023-10-04;1;200.00;200.000000
CUST209;Female;30-44;12;2023-12-20;1;200.00;200.000000
CUST210;Male;30-44;263;2023-04-13;1;200.00;200.000000
CUST211;Male;30-44;0;2024-01-01;1;1500.00;1500.000000
CUST212;Male;18-29;206;2023-06-09;1;1500.00;1500.000000
CUST213;Male;18-29;161;2023-07-24;1;1500.00;1500.000000
CUST214;Male;18-29;22;2023-12-10;1;60.00;60.000000
CUST215;Male;45-59;33;2023-11-29;1;1500.00;1500.000000
CUST216;Male;60+;174;2023-07-11;1;100.00;100.000000
CUST217;Female;30-44;141;2023-08-13;1;200.00;200.000000
CUST218;Male;60+;101;2023-09-22;1;90.00;90.000000
CUST219;Female;45-59;134;2023-08-20;1;90.00;90.000000
CUST220;Male;60+;304;2023-03-03;1;500.00;500.000000
CUST221;Male;30-44;239;2023-05-07;1;600.00;600.000000
CUST222;Male;45-59;250;2023-04-26;1;120.00;120.000000
CUST223;Female;60+;333;2023-02-02;1;25.00;25.000000
CUST224;Female;18-29;192;2023-06-23;1;50.00;50.000000
CUST225;Female;45-59;355;2023-01-11;1;100.00;100.000000
CUST226;Female;60+;64;2023-10-29;1;50.00;50.000000
CUST227;Male;30-44;82;2023-10-11;1;100.00;100.000000
CUST228;Female;45-59;248;2023-04-28;1;60.00;60.000000
CUST229;Male;45-59;64;2023-10-29;1;90.00;90.000000
CUST230;Male;45-59;253;2023-04-23;1;25.00;25.000000
CUST231;Female;18-29;362;2023-01-04;1;150.00;150.000000
CUST232;Female;30-44;329;2023-02-06;1;25.00;25.000000
CUST233;Female;45-59;3;2023-12-29;1;600.00;600.000000
CUST234;Female;60+;42;2023-11-20;1;50.00;50.000000
CUST235;Female;18-29;335;2023-01-31;1;1000.00;1000.000000
CUST236;Female;45-59;248;2023-04-28;1;25.00;25.000000
CUST237;Female;45-59;331;2023-02-04;1;1000.00;1000.000000
CUST238;Female;30-44;349;2023-01-17;1;500.00;500.000000
CUST239;Male;30-44;196;2023-06-19;1;1500.00;1500.000000
CUST240;Female;18-29;329;2023-02-06;1;300.00;300.000000
CUST241;Female;18-29;102;2023-09-21;1;75.00;75.000000
CUST242;Male;18-29;244;2023-05-02;1;25.00;25.000000
CUST243;Female;45-59;223;2023-05-23;1;900.00;900.000000
CUST244;Male;18-29;23;2023-12-09;1;100.00;100.000000
CUST245;Male;45-59;117;2023-09-06;1;90.00;90.000000
CUST246;Female;45-59;256;2023-04-20;1;50.00;50.000000
CUST247;Male;30-44;89;2023-10-04;1;60.00;60.000000
CUST248;Male;18-29;298;2023-03-09;1;900.00;900.000000
CUST249;Male;18-29;73;2023-10-20;1;50.00;50.000000
CUST250;Male;45-59;70;2023-10-23;1;50.00;50.000000
CUST251;Female;45-59;123;2023-08-31;1;200.00;200.000000
CUST252;Male;45-59;241;2023-05-05;1;300.00;300.000000
CUST253;Female;45-59;123;2023-08-31;1;2000.00;2000.000000
CUST254;Male;30-44;157;2023-07-28;1;500.00;500.000000
CUST255;Male;45-59;268;2023-04-08;1;30.00;30.000000
CUST256;Male;18-29;317;2023-02-18;1;1000.00;1000.000000
CUST257;Male;18-29;316;2023-02-19;1;2000.00;2000.000000
CUST258;Female;30-44;28;2023-12-04;1;50.00;50.000000
CUST259;Female;45-59;145;2023-08-09;1;200.00;200.000000
CUST260;Male;18-29;184;2023-07-01;1;60.00;60.000000
CUST261;Male;18-29;149;2023-08-05;1;50.00;50.000000
CUST262;Female;30-44;155;2023-07-30;1;120.00;120.000000
CUST263;Male;18-29;126;2023-08-28;1;60.00;60.000000
CUST264;Male;45-59;338;2023-01-28;1;900.00;900.000000
CUST265;Male;45-59;21;2023-12-11;1;900.00;900.000000
CUST266;Female;18-29;31;2023-12-01;1;60.00;60.000000
CUST267;Female;30-44;35;2023-11-27;1;90.00;90.000000
CUST268;Female;18-29;315;2023-02-20;1;30.00;30.000000
CUST269;Male;18-29;334;2023-02-01;1;2000.00;2000.000000
CUST270;Male;30-44;159;2023-07-26;1;300.00;300.000000
CUST271;Female;60+;192;2023-06-23;1;120.00;120.000000
CUST272;Female;60+;310;2023-02-25;1;100.00;100.000000
CUST273;Female;18-29;238;2023-05-08;1;50.00;50.000000
CUST274;Female;18-29;267;2023-04-09;1;1000.00;1000.000000
CUST275;Male;30-44;268;2023-04-08;1;1000.00;1000.000000
CUST276;Female;18-29;91;2023-10-02;1;100.00;100.000000
CUST277;Male;30-44;136;2023-08-18;1;100.00;100.000000
CUST278;Female;30-44;294;2023-03-13;1;100.00;100.000000
CUST279;Male;45-59;149;2023-08-05;1;500.00;500.000000
CUST280;Female;30-44;272;2023-04-04;1;1500.00;1500.000000
CUST281;Female;18-29;223;2023-05-23;1;2000.00;2000.000000
CUST282;Female;60+;129;2023-08-25;1;200.00;200.000000
CUST283;Female;18-29;238;2023-05-08;1;500.00;500.000000
CUST284;Male;30-44;327;2023-02-08;1;200.00;200.000000
CUST285;Female;30-44;139;2023-08-15;1;25.00;25.000000
CUST286;Male;45-59;84;2023-10-09;1;50.00;50.000000
CUST287;Male;45-59;315;2023-02-20;1;100.00;100.000000
CUST288;Male;18-29;340;2023-01-26;1;120.00;120.000000
CUST289;Male;45-59;32;2023-11-30;1;60.00;60.000000
CUST290;Female;30-44;89;2023-10-04;1;600.00;600.000000
CUST291;Male;60+;358;2023-01-08;1;600.00;600.000000
CUST292;Male;18-29;318;2023-02-17;1;1200.00;1200.000000
CUST293;Male;45-59;244;2023-05-02;1;90.00;90.000000
CUST294;Female;18-29;280;2023-03-27;1;90.00;90.000000
CUST295;Female;18-29;157;2023-07-28;1;900.00;900.000000
CUST296;Female;18-29;117;2023-09-06;1;1200.00;1200.000000
CUST297;Female;30-44;119;2023-09-04;1;1000.00;1000.000000
CUST298;Male;18-29;256;2023-04-20;1;1200.00;1200.000000
CUST299;Male;60+;160;2023-07-25;1;1000.00;1000.000000
CUST300;Female;18-29;335;2023-01-31;1;200.00;200.000000
CUST301;Male;30-44;281;2023-03-26;1;120.00;120.000000
CUST302;Male;45-59;171;2023-07-14;1;600.00;600.000000
CUST303;Male;18-29;364;2023-01-02;1;90.00;90.000000
CUST304;Female;30-44;166;2023-07-19;1;60.00;60.000000
CUST305;Female;18-29;230;2023-05-16;1;30.00;30.000000
CUST306;Male;45-59;133;2023-08-21;1;50.00;50.000000
CUST307;Female;18-29;219;2023-05-27;1;50.00;50.000000
CUST308;Female;30-44;149;2023-08-05;1;1200.00;1200.000000
CUST309;Female;18-29;9;2023-12-23;1;25.00;25.000000
CUST310;Female;18-29;81;2023-10-12;1;25.00;25.000000
CUST311;Female;30-44;27;2023-12-05;1;100.00;100.000000
CUST312;Male;30-44;116;2023-09-07;1;120.00;120.000000
CUST313;Female;45-59;286;2023-03-21;1;1500.00;1500.000000
CUST314;Male;45-59;268;2023-04-08;1;120.00;120.000000
CUST315;Male;45-59;214;2023-06-01;1;60.00;60.000000
CUST316;Female;45-59;254;2023-04-22;1;50.00;50.000000
CUST317;Male;18-29;336;2023-01-30;1;90.00;90.000000
CUST318;Male;60+;69;2023-10-24;1;25.00;25.000000
CUST319;Male;30-44;88;2023-10-05;1;500.00;500.000000
CUST320;Female;18-29;334;2023-02-01;1;1200.00;1200.000000
CUST321;Female;18-29;205;2023-06-10;1;50.00;50.000000
CUST322;Male;45-59;336;2023-01-30;1;500.00;500.000000
CUST323;Female;18-29;340;2023-01-26;1;900.00;900.000000
CUST324;Female;45-59;66;2023-10-27;1;150.00;150.000000
CUST325;Female;45-59;121;2023-09-02;1;50.00;50.000000
CUST326;Female;18-29;108;2023-09-15;1;75.00;75.000000
CUST327;Male;45-59;94;2023-09-29;1;150.00;150.000000
CUST328;Male;30-44;285;2023-03-22;1;100.00;100.000000
CUST329;Female;45-59;336;2023-01-30;1;100.00;100.000000
CUST330;Female;18-29;105;2023-09-18;1;200.00;200.000000
CUST331;Male;18-29;324;2023-02-11;1;90.00;90.000000
CUST332;Male;45-59;270;2023-04-06;1;1200.00;1200.000000
CUST333;Female;45-59;330;2023-02-05;1;1200.00;1200.000000
CUST334;Male;30-44;61;2023-11-01;1;900.00;900.000000
CUST335;Female;45-59;331;2023-02-04;1;120.00;120.000000
CUST336;Female;45-59;20;2023-12-12;1;150.00;150.000000
CUST337;Male;30-44;245;2023-05-01;1;500.00;500.000000
CUST338;Male;45-59;159;2023-07-26;1;100.00;100.000000
CUST339;Female;18-29;304;2023-03-03;1;50.00;50.000000
CUST340;Female;30-44;74;2023-10-19;1;1200.00;1200.000000
CUST341;Male;30-44;239;2023-05-07;1;200.00;200.000000
CUST342;Female;30-44;69;2023-10-24;1;2000.00;2000.000000
CUST343;Male;18-29;61;2023-11-01;1;50.00;50.000000
CUST344;Female;30-44;345;2023-01-21;1;30.00;30.000000
CUST345;Male;60+;48;2023-11-14;1;30.00;30.000000
CUST346;Male;45-59;324;2023-02-11;1;1000.00;1000.000000
CUST347;Male;30-44;151;2023-08-03;1;25.00;25.000000
CUST348;Female;30-44;29;2023-12-03;1;600.00;600.000000
CUST349;Female;45-59;67;2023-10-26;1;50.00;50.000000
CUST350;Male;18-29;76;2023-10-17;1;75.00;75.000000
CUST351;Female;45-59;98;2023-09-25;1;90.00;90.000000
CUST352;Male;45-59;204;2023-06-11;1;1000.00;1000.000000
CUST353;Male;30-44;232;2023-05-14;1;500.00;500.000000
CUST354;Female;45-59;261;2023-04-15;1;200.00;200.000000
CUST355;Female;45-59;23;2023-12-09;1;500.00;500.000000
CUST356;Male;45-59;205;2023-06-10;1;1500.00;1500.000000
CUST357;Female;30-44;243;2023-05-03;1;75.00;75.000000
CUST358;Female;30-44;230;2023-05-16;1;300.00;300.000000
CUST359;Male;45-59;163;2023-07-22;1;50.00;50.000000
CUST360;Male;30-44;298;2023-03-09;1;100.00;100.000000
CUST361;Female;30-44;22;2023-12-10;1;1200.00;1200.000000
CUST362;Male;45-59;35;2023-11-27;1;25.00;25.000000
CUST363;Male;60+;212;2023-06-03;1;25.00;25.000000
CUST364;Female;18-29;131;2023-08-23;1;500.00;500.000000
CUST365;Male;30-44;204;2023-06-11;1;300.00;300.000000
CUST366;Male;45-59;328;2023-02-07;1;100.00;100.000000
CUST367;Female;45-59;361;2023-01-05;1;50.00;50.000000
CUST368;Female;45-59;131;2023-08-23;1;1200.00;1200.000000
CUST369;Male;18-29;47;2023-11-15;1;1500.00;1500.000000
CUST370;Male;18-29;77;2023-10-16;1;60.00;60.000000
CUST371;Female;18-29;314;2023-02-21;1;25.00;25.000000
CUST372;Female;18-29;328;2023-02-07;1;1500.00;1500.000000
CUST373;Female;18-29;90;2023-10-03;1;600.00;600.000000
CUST374;Female;45-59;256;2023-04-20;1;75.00;75.000000
CUST375;Male;30-44;106;2023-09-17;1;50.00;50.000000
CUST376;Female;60+;230;2023-05-16;1;30.00;30.000000
CUST377;Female;45-59;298;2023-03-09;1;200.00;200.000000
CUST378;Male;45-59;187;2023-06-28;1;300.00;300.000000
CUST379;Female;45-59;330;2023-02-05;1;25.00;25.000000
CUST380;Male;45-59;240;2023-05-06;1;600.00;600.000000
CUST381;Female;30-44;176;2023-07-09;1;100.00;100.000000
CUST382;Female;45-59;220;2023-05-26;1;1000.00;1000.000000
CUST383;Female;45-59;285;2023-03-22;1;90.00;90.000000
CUST384;Male;45-59;141;2023-08-13;1;500.00;500.000000
CUST385;Male;45-59;87;2023-10-06;1;1500.00;1500.000000
CUST386;Female;45-59;5;2023-12-27;1;600.00;600.000000
CUST387;Male;30-44;211;2023-06-04;1;30.00;30.000000
CUST388;Male;45-59;52;2023-11-10;1;25.00;25.000000
CUST389;Male;18-29;31;2023-12-01;1;50.00;50.000000
CUST390;Male;30-44;95;2023-09-28;1;100.00;100.000000
CUST391;Male;18-29;361;2023-01-05;1;50.00;50.000000
CUST392;Male;18-29;24;2023-12-08;1;600.00;600.000000
CUST393;Female;18-29;82;2023-10-11;1;1000.00;1000.000000
CUST394;Female;18-29;212;2023-06-03;1;500.00;500.000000
CUST395;Male;45-59;26;2023-12-06;1;1000.00;1000.000000
CUST396;Female;45-59;312;2023-02-23;1;30.00;30.000000
CUST397;Female;30-44;297;2023-03-10;1;25.00;25.000000
CUST398;Female;45-59;230;2023-05-16;1;600.00;600.000000
CUST399;Female;60+;306;2023-03-01;1;60.00;60.000000
CUST400;Male;45-59;311;2023-02-24;1;200.00;200.000000
CUST401;Female;60+;82;2023-10-11;1;300.00;300.000000
CUST402;Female;30-44;286;2023-03-21;1;600.00;600.000000
CUST403;Male;30-44;226;2023-05-20;1;600.00;600.000000
CUST404;Male;45-59;221;2023-05-25;1;1000.00;1000.000000
CUST405;Female;18-29;56;2023-11-06;1;1200.00;1200.000000
CUST406;Female;18-29;258;2023-04-18;1;100.00;100.000000
CUST407;Female;45-59;190;2023-06-25;1;900.00;900.000000
CUST408;Female;60+;261;2023-04-15;1;500.00;500.000000
CUST409;Female;18-29;14;2023-12-18;1;900.00;900.000000
CUST410;Female;18-29;41;2023-11-21;1;100.00;100.000000
CUST411;Male;60+;230;2023-05-16;1;200.00;200.000000
CUST412;Female;18-29;107;2023-09-16;1;2000.00;2000.000000
CUST413;Female;30-44;115;2023-09-08;1;75.00;75.000000
CUST414;Male;45-59;237;2023-05-09;1;100.00;100.000000
CUST415;Male;45-59;339;2023-01-27;1;60.00;60.000000
CUST416;Male;45-59;318;2023-02-17;1;2000.00;2000.000000
CUST417;Male;30-44;41;2023-11-21;1;900.00;900.000000
CUST418;Female;60+;149;2023-08-05;1;1000.00;1000.000000
CUST419;Female;30-44;224;2023-05-22;1;90.00;90.000000
CUST420;Female;18-29;343;2023-01-23;1;2000.00;2000.000000
CUST421;Female;30-44;364;2023-01-02;1;1500.00;1500.000000
CUST422;Female;18-29;195;2023-06-20;1;90.00;90.000000
CUST423;Female;18-29;299;2023-03-08;1;25.00;25.000000
CUST424;Male;45-59;39;2023-11-23;1;1200.00;1200.000000
CUST425;Female;45-59;231;2023-05-15;1;120.00;120.000000
CUST426;Male;18-29;283;2023-03-24;1;150.00;150.000000
CUST427;Male;18-29;139;2023-08-15;1;25.00;25.000000
CUST428;Female;30-44;83;2023-10-10;1;200.00;200.000000
CUST429;Male;60+;4;2023-12-28;1;50.00;50.000000
CUST430;Female;30-44;147;2023-08-07;1;900.00;900.000000
CUST431;Male;60+;78;2023-10-15;1;1200.00;1200.000000
CUST432;Female;60+;361;2023-01-05;1;1000.00;1000.000000
CUST433;Male;18-29;308;2023-02-27;1;200.00;200.000000
CUST434;Female;30-44;327;2023-02-08;1;50.00;50.000000
CUST435;Female;30-44;12;2023-12-20;1;900.00;900.000000
CUST436;Female;45-59;289;2023-03-18;1;120.00;120.000000
CUST437;Female;30-44;86;2023-10-07;1;1200.00;1200.000000
CUST438;Female;30-44;347;2023-01-19;1;30.00;30.000000
CUST439;Male;45-59;176;2023-07-09;1;75.00;75.000000
CUST440;Male;60+;67;2023-10-26;1;600.00;600.000000
CUST441;Male;45-59;83;2023-10-10;1;1200.00;1200.000000
CUST442;Female;60+;290;2023-03-17;1;100.00;100.000000
CUST443;Male;18-29;145;2023-08-09;1;600.00;600.000000
CUST444;Female;60+;300;2023-03-07;1;90.00;90.000000
CUST445;Female;45-59;344;2023-01-22;1;300.00;300.000000
CUST446;Male;18-29;208;2023-06-07;1;50.00;50.000000
CUST447;Male;18-29;179;2023-07-06;1;2000.00;2000.000000
CUST448;Female;45-59;345;2023-01-21;1;60.00;60.000000
CUST449;Male;18-29;182;2023-07-03;1;200.00;200.000000
CUST450;Female;45-59;258;2023-04-18;1;50.00;50.000000
CUST451;Female;45-59;16;2023-12-16;1;30.00;30.000000
CUST452;Female;45-59;238;2023-05-08;1;1500.00;1500.000000
CUST453;Female;18-29;24;2023-12-08;1;1000.00;1000.000000
CUST454;Female;45-59;313;2023-02-22;1;25.00;25.000000
CUST455;Male;30-44;184;2023-07-01;1;100.00;100.000000
CUST456;Male;45-59;79;2023-10-14;1;60.00;60.000000
CUST457;Female;45-59;157;2023-07-28;1;900.00;900.000000
CUST458;Female;30-44;48;2023-11-14;1;100.00;100.000000
CUST459;Male;18-29;286;2023-03-21;1;1200.00;1200.000000
CUST460;Male;30-44;244;2023-05-02;1;50.00;50.000000
CUST461;Female;18-29;282;2023-03-25;1;1000.00;1000.000000
CUST462;Male;60+;275;2023-04-01;1;1200.00;1200.000000
CUST463;Female;45-59;154;2023-07-31;1;1500.00;1500.000000
CUST464;Male;30-44;353;2023-01-13;1;600.00;600.000000
CUST465;Female;30-44;274;2023-04-02;1;150.00;150.000000
CUST466;Male;60+;195;2023-06-20;1;100.00;100.000000
CUST467;Female;45-59;155;2023-07-30;1;150.00;150.000000
CUST468;Male;30-44;23;2023-12-09;1;25.00;25.000000
CUST469;Male;18-29;238;2023-05-08;1;75.00;75.000000
CUST470;Female;45-59;229;2023-05-17;1;1000.00;1000.000000
CUST471;Male;30-44;284;2023-03-23;1;150.00;150.000000
CUST472;Female;30-44;6;2023-12-26;1;900.00;900.000000
CUST473;Male;60+;310;2023-02-25;1;50.00;50.000000
CUST474;Female;18-29;170;2023-07-15;1;1500.00;1500.000000
CUST475;Male;18-29;346;2023-01-20;1;75.00;75.000000
CUST476;Female;18-29;125;2023-08-29;1;2000.00;2000.000000
CUST477;Male;30-44;252;2023-04-24;1;120.00;120.000000
CUST478;Female;45-59;263;2023-04-13;1;60.00;60.000000
CUST479;Male;45-59;130;2023-08-24;1;1200.00;1200.000000
CUST480;Female;30-44;186;2023-06-29;1;2000.00;2000.000000
CUST481;Female;30-44;209;2023-06-06;1;1200.00;1200.000000
CUST482;Female;18-29;249;2023-04-27;1;1200.00;1200.000000
CUST483;Male;45-59;251;2023-04-25;1;30.00;30.000000
CUST484;Female;18-29;353;2023-01-13;1;1200.00;1200.000000
CUST485;Male;18-29;28;2023-12-04;1;30.00;30.000000
CUST486;Female;30-44;267;2023-04-09;1;25.00;25.000000
CUST487;Male;30-44;161;2023-07-24;1;2000.00;2000.000000
CUST488;Female;45-59;197;2023-06-18;1;900.00;900.000000
CUST489;Male;30-44;223;2023-05-23;1;30.00;30.000000
CUST490;Male;30-44;330;2023-02-05;1;150.00;150.000000
CUST491;Female;60+;223;2023-05-23;1;900.00;900.000000
CUST492;Male;60+;186;2023-06-29;1;100.00;100.000000
CUST493;Male;30-44;37;2023-11-25;1;50.00;50.000000
CUST494;Female;30-44;105;2023-09-18;1;200.00;200.000000
CUST495;Male;18-29;161;2023-07-24;1;60.00;60.000000
CUST496;Male;18-29;18;2023-12-14;1;600.00;600.000000
CUST497;Male;30-44;91;2023-10-02;1;120.00;120.000000
CUST498;Female;45-59;196;2023-06-19;1;100.00;100.000000
CUST499;Male;45-59;351;2023-01-15;1;60.00;60.000000
CUST500;Female;60+;306;2023-03-01;1;100.00;100.000000
CUST501;Male;30-44;232;2023-05-14;1;60.00;60.000000
CUST502;Male;30-44;274;2023-04-02;1;150.00;150.000000
CUST503;Male;45-59;68;2023-10-25;1;2000.00;2000.000000
CUST504;Female;30-44;230;2023-05-16;1;150.00;150.000000
CUST505;Male;18-29;346;2023-01-20;1;50.00;50.000000
CUST506;Male;30-44;310;2023-02-25;1;1500.00;1500.000000
CUST507;Female;30-44;60;2023-11-02;1;1500.00;1500.000000
CUST508;Male;45-59;143;2023-08-11;1;600.00;600.000000
CUST509;Female;30-44;189;2023-06-26;1;900.00;900.000000
CUST510;Female;30-44;205;2023-06-10;1;200.00;200.000000
CUST511;Male;45-59;142;2023-08-12;1;100.00;100.000000
CUST512;Female;45-59;55;2023-11-07;1;25.00;25.000000
CUST513;Male;18-29;104;2023-09-19;1;100.00;100.000000
CUST514;Female;18-29;306;2023-03-01;1;300.00;300.000000
CUST515;Female;45-59;168;2023-07-17;1;900.00;900.000000
CUST516;Male;30-44;70;2023-10-23;1;100.00;100.000000
CUST517;Female;45-59;268;2023-04-08;1;100.00;100.000000
CUST518;Female;30-44;235;2023-05-11;1;30.00;30.000000
CUST519;Female;30-44;343;2023-01-23;1;120.00;120.000000
CUST520;Female;45-59;3;2023-12-29;1;100.00;100.000000
CUST521;Female;45-59;142;2023-08-12;1;120.00;120.000000
CUST522;Male;45-59;365;2023-01-01;1;1500.00;1500.000000
CUST523;Female;60+;99;2023-09-24;1;300.00;300.000000
CUST524;Male;45-59;90;2023-10-03;1;1200.00;1200.000000
CUST525;Female;45-59;14;2023-12-18;1;50.00;50.000000
CUST526;Male;30-44;22;2023-12-10;1;100.00;100.000000
CUST527;Male;45-59;265;2023-04-11;1;50.00;50.000000
CUST528;Female;30-44;179;2023-07-06;1;60.00;60.000000
CUST529;Female;30-44;145;2023-08-09;1;150.00;150.000000
CUST530;Female;18-29;330;2023-02-05;1;120.00;120.000000
CUST531;Male;30-44;25;2023-12-07;1;500.00;500.000000
CUST532;Female;60+;196;2023-06-19;1;120.00;120.000000
CUST533;Male;18-29;46;2023-11-16;1;1500.00;1500.000000
CUST534;Male;45-59;205;2023-06-10;1;1000.00;1000.000000
CUST535;Male;45-59;26;2023-12-06;1;90.00;90.000000
CUST536;Female;45-59;302;2023-03-05;1;120.00;120.000000
CUST537;Female;18-29;212;2023-06-03;1;500.00;500.000000
CUST538;Male;18-29;106;2023-09-17;1;150.00;150.000000
CUST539;Male;18-29;207;2023-06-08;1;500.00;500.000000
CUST540;Female;45-59;24;2023-12-08;1;900.00;900.000000
CUST541;Male;45-59;156;2023-07-29;1;500.00;500.000000
CUST542;Female;18-29;198;2023-06-17;1;50.00;50.000000
CUST543;Male;45-59;159;2023-07-26;1;600.00;600.000000
CUST544;Female;18-29;9;2023-12-23;1;25.00;25.000000
CUST545;Male;18-29;214;2023-06-01;1;50.00;50.000000
CUST546;Female;30-44;82;2023-10-11;1;200.00;200.000000
CUST547;Male;60+;300;2023-03-07;1;2000.00;2000.000000
CUST548;Female;45-59;267;2023-04-09;1;60.00;60.000000
CUST549;Female;45-59;150;2023-08-04;1;100.00;100.000000
CUST550;Male;30-44;25;2023-12-07;1;900.00;900.000000
CUST551;Male;45-59;171;2023-07-14;1;900.00;900.000000
CUST552;Female;45-59;19;2023-12-13;1;75.00;75.000000
CUST553;Male;18-29;276;2023-03-31;1;1200.00;1200.000000
CUST554;Female;45-59;50;2023-11-12;1;150.00;150.000000
CUST555;Male;18-29;74;2023-10-19;1;300.00;300.000000
CUST556;Female;18-29;211;2023-06-04;1;50.00;50.000000
CUST557;Female;18-29;158;2023-07-27;1;90.00;90.000000
CUST558;Female;30-44;85;2023-10-08;1;25.00;25.000000
CUST559;Female;30-44;365;2023-01-01;1;1200.00;1200.000000
CUST560;Female;18-29;210;2023-06-05;1;50.00;50.000000
CUST561;Female;60+;219;2023-05-27;1;2000.00;2000.000000
CUST562;Male;45-59;258;2023-04-18;1;50.00;50.000000
CUST563;Male;18-29;145;2023-08-09;1;60.00;60.000000
CUST564;Male;45-59;69;2023-10-24;1;100.00;100.000000
CUST565;Female;45-59;55;2023-11-07;1;60.00;60.000000
CUST566;Female;60+;30;2023-12-02;1;30.00;30.000000
CUST567;Female;18-29;201;2023-06-14;1;900.00;900.000000
CUST568;Female;45-59;127;2023-08-27;1;300.00;300.000000
CUST569;Male;45-59;139;2023-08-15;1;200.00;200.000000
CUST570;Male;45-59;139;2023-08-15;1;500.00;500.000000
CUST571;Female;30-44;20;2023-12-12;1;50.00;50.000000
CUST572;Male;30-44;256;2023-04-20;1;2000.00;2000.000000
CUST573;Male;45-59;104;2023-09-19;1;60.00;60.000000
CUST574;Female;60+;123;2023-08-31;1;50.00;50.000000
CUST575;Male;60+;279;2023-03-28;1;100.00;100.000000
CUST576;Female;30-44;28;2023-12-04;1;150.00;150.000000
CUST577;Male;18-29;322;2023-02-13;1;2000.00;2000.000000
CUST578;Female;45-59;220;2023-05-26;1;120.00;120.000000
CUST579;Female;30-44;102;2023-09-21;1;30.00;30.000000
CUST580;Female;30-44;26;2023-12-06;1;1500.00;1500.000000
CUST581;Female;45-59;41;2023-11-21;1;60.00;60.000000
CUST582;Male;30-44;48;2023-11-14;1;900.00;900.000000
CUST583;Female;18-29;194;2023-06-21;1;100.00;100.000000
CUST584;Female;18-29;318;2023-02-17;1;200.00;200.000000
CUST585;Female;18-29;245;2023-05-01;1;25.00;25.000000
CUST586;Male;45-59;21;2023-12-11;1;50.00;50.000000
CUST587;Female;30-44;207;2023-06-08;1;1200.00;1200.000000
CUST588;Male;30-44;250;2023-04-26;1;60.00;60.000000
CUST589;Female;30-44;264;2023-04-12;1;1000.00;1000.000000
CUST590;Male;30-44;290;2023-03-17;1;900.00;900.000000
CUST591;Male;45-59;353;2023-01-13;1;100.00;100.000000
CUST592;Female;45-59;342;2023-01-24;1;2000.00;2000.000000
CUST593;Male;30-44;240;2023-05-06;1;60.00;60.000000
CUST594;Female;18-29;122;2023-09-01;1;600.00;600.000000
CUST595;Female;18-29;53;2023-11-09;1;2000.00;2000.000000
CUST596;Female;60+;328;2023-02-07;1;300.00;300.000000
CUST597;Male;18-29;132;2023-08-22;1;1200.00;1200.000000
CUST598;Male;30-44;153;2023-08-01;1;120.00;120.000000
CUST599;Female;18-29;43;2023-11-19;1;100.00;100.000000
CUST600;Female;45-59;71;2023-10-22;1;1000.00;1000.000000
CUST601;Male;18-29;266;2023-04-10;1;30.00;30.000000
CUST602;Female;18-29;9;2023-12-23;1;300.00;300.000000
CUST603;Female;30-44;169;2023-07-16;1;90.00;90.000000
CUST604;Female;18-29;112;2023-09-11;1;200.00;200.000000
CUST605;Male;30-44;161;2023-07-24;1;1000.00;1000.000000
CUST606;Male;18-29;241;2023-05-05;1;50.00;50.000000
CUST607;Male;45-59;290;2023-03-17;1;75.00;75.000000
CUST608;Female;45-59;30;2023-12-02;1;1500.00;1500.000000
CUST609;Female;45-59;13;2023-12-19;1;100.00;100.000000
CUST610;Female;18-29;363;2023-01-03;1;600.00;600.000000
CUST611;Male;45-59;311;2023-02-24;1;1500.00;1500.000000
CUST612;Female;60+;148;2023-08-06;1;500.00;500.000000
CUST613;Female;45-59;253;2023-04-23;1;90.00;90.000000
CUST614;Female;30-44;275;2023-04-01;1;1200.00;1200.000000
CUST615;Female;60+;9;2023-12-23;1;100.00;100.000000
CUST616;Male;30-44;100;2023-09-23;1;100.00;100.000000
CUST617;Male;30-44;128;2023-08-26;1;30.00;30.000000
CUST618;Female;18-29;340;2023-01-26;1;50.00;50.000000
CUST619;Male;45-59;80;2023-10-13;1;100.00;100.000000
CUST620;Male;60+;238;2023-05-08;1;75.00;75.000000
CUST621;Female;30-44;303;2023-03-04;1;1000.00;1000.000000
CUST622;Female;45-59;132;2023-08-22;1;75.00;75.000000
CUST623;Male;30-44;297;2023-03-10;1;150.00;150.000000
CUST624;Female;30-44;128;2023-08-26;1;900.00;900.000000
CUST625;Male;30-44;24;2023-12-08;1;300.00;300.000000
CUST626;Female;18-29;94;2023-09-29;1;2000.00;2000.000000
CUST627;Male;45-59;79;2023-10-14;1;50.00;50.000000
CUST628;Female;18-29;61;2023-11-01;1;200.00;200.000000
CUST629;Male;60+;203;2023-06-12;1;50.00;50.000000
CUST630;Male;30-44;139;2023-08-15;1;100.00;100.000000
CUST631;Male;45-59;52;2023-11-10;1;90.00;90.000000
CUST632;Female;18-29;107;2023-09-16;1;100.00;100.000000
CUST633;Male;30-44;147;2023-08-07;1;120.00;120.000000
CUST634;Male;60+;85;2023-10-08;1;2000.00;2000.000000
CUST635;Female;60+;137;2023-08-17;1;900.00;900.000000
CUST636;Female;18-29;284;2023-03-23;1;1500.00;1500.000000
CUST637;Male;30-44;122;2023-09-01;1;600.00;600.000000
CUST638;Male;45-59;135;2023-08-19;1;500.00;500.000000
CUST639;Female;60+;233;2023-05-13;1;200.00;200.000000
CUST640;Female;45-59;239;2023-05-07;1;120.00;120.000000
CUST641;Female;30-44;39;2023-11-23;1;300.00;300.000000
CUST642;Female;45-59;224;2023-05-22;1;100.00;100.000000
CUST643;Female;18-29;99;2023-09-24;1;90.00;90.000000
CUST644;Male;18-29;117;2023-09-06;1;75.00;75.000000
CUST645;Female;30-44;45;2023-11-17;1;120.00;120.000000
CUST646;Male;30-44;243;2023-05-03;1;90.00;90.000000
CUST647;Male;45-59;225;2023-05-21;1;1500.00;1500.000000
CUST648;Male;45-59;140;2023-08-14;1;1200.00;1200.000000
CUST649;Female;45-59;326;2023-02-09;1;600.00;600.000000
CUST650;Male;45-59;0;2024-01-01;1;30.00;30.000000
CUST651;Male;45-59;219;2023-05-27;1;150.00;150.000000
CUST652;Female;30-44;245;2023-05-01;1;100.00;100.000000
CUST653;Male;45-59;226;2023-05-20;1;75.00;75.000000
CUST654;Male;30-44;194;2023-06-21;1;75.00;75.000000
CUST655;Female;45-59;202;2023-06-13;1;500.00;500.000000
CUST656;Male;18-29;89;2023-10-04;1;90.00;90.000000
CUST657;Male;30-44;324;2023-02-11;1;25.00;25.000000
CUST658;Male;45-59;295;2023-03-12;1;25.00;25.000000
CUST659;Female;30-44;288;2023-03-19;1;30.00;30.000000
CUST660;Female;30-44;247;2023-04-29;1;1000.00;1000.000000
CUST661;Female;30-44;169;2023-07-16;1;100.00;100.000000
CUST662;Male;45-59;10;2023-12-22;1;1000.00;1000.000000
CUST663;Male;18-29;287;2023-03-20;1;1200.00;1200.000000
CUST664;Female;30-44;4;2023-12-28;1;2000.00;2000.000000
CUST665;Male;45-59;256;2023-04-20;1;50.00;50.000000
CUST666;Male;45-59;333;2023-02-02;1;150.00;150.000000
CUST667;Female;18-29;153;2023-08-01;1;500.00;500.000000
CUST668;Female;60+;157;2023-07-28;1;150.00;150.000000
CUST669;Male;18-29;196;2023-06-19;1;1200.00;1200.000000
CUST670;Male;18-29;88;2023-10-05;1;30.00;30.000000
CUST671;Male;60+;127;2023-08-27;1;150.00;150.000000
CUST672;Female;30-44;153;2023-08-01;1;100.00;100.000000
CUST673;Female;30-44;334;2023-02-01;1;1500.00;1500.000000
CUST674;Female;30-44;260;2023-04-16;1;300.00;300.000000
CUST675;Female;45-59;150;2023-08-04;1;60.00;60.000000
CUST676;Male;60+;166;2023-07-19;1;1500.00;1500.000000
CUST677;Female;18-29;66;2023-10-27;1;1500.00;1500.000000
CUST678;Female;60+;9;2023-12-23;1;900.00;900.000000
CUST679;Female;18-29;355;2023-01-11;1;90.00;90.000000
CUST680;Female;45-59;71;2023-10-22;1;900.00;900.000000
CUST681;Female;30-44;171;2023-07-14;1;60.00;60.000000
CUST682;Male;45-59;121;2023-09-02;1;1200.00;1200.000000
CUST683;Male;30-44;362;2023-01-04;1;1000.00;1000.000000
CUST684;Female;18-29;185;2023-06-30;1;1000.00;1000.000000
CUST685;Male;45-59;213;2023-06-02;1;50.00;50.000000
CUST686;Female;18-29;166;2023-07-19;1;200.00;200.000000
CUST687;Female;45-59;151;2023-08-03;1;300.00;300.000000
CUST688;Male;45-59;90;2023-10-03;1;100.00;100.000000
CUST689;Male;45-59;86;2023-10-07;1;100.00;100.000000
CUST690;Female;45-59;57;2023-11-05;1;900.00;900.000000
CUST691;Female;45-59;253;2023-04-23;1;90.00;90.000000
CUST692;Female;60+;116;2023-09-07;1;100.00;100.000000
CUST693;Male;30-44;253;2023-04-23;1;1500.00;1500.000000
CUST694;Female;30-44;226;2023-05-20;1;50.00;50.000000
CUST695;Female;18-29;142;2023-08-12;1;150.00;150.000000
CUST696;Female;45-59;117;2023-09-06;1;200.00;200.000000
CUST697;Male;45-59;351;2023-01-15;1;500.00;500.000000
CUST698;Female;60+;166;2023-07-19;1;300.00;300.000000
CUST699;Female;30-44;193;2023-06-22;1;120.00;120.000000
CUST700;Male;30-44;23;2023-12-09;1;2000.00;2000.000000
CUST701;Female;45-59;18;2023-12-14;1;60.00;60.000000
CUST702;Female;60+;158;2023-07-27;1;600.00;600.000000
CUST703;Male;30-44;281;2023-03-26;1;100.00;100.000000
CUST704;Female;60+;126;2023-08-28;1;90.00;90.000000
CUST705;Male;60+;300;2023-03-07;1;50.00;50.000000
CUST706;Male;45-59;47;2023-11-15;1;100.00;100.000000
CUST707;Female;18-29;92;2023-10-01;1;500.00;500.000000
CUST708;Female;30-44;352;2023-01-14;1;900.00;900.000000
CUST709;Female;18-29;164;2023-07-21;1;1000.00;1000.000000
CUST710;Female;18-29;62;2023-10-31;1;1500.00;1500.000000
CUST711;Male;18-29;77;2023-10-16;1;1500.00;1500.000000
CUST712;Female;45-59;26;2023-12-06;1;50.00;50.000000
CUST713;Male;30-44;352;2023-01-14;1;75.00;75.000000
CUST714;Female;18-29;323;2023-02-12;1;500.00;500.000000
CUST715;Female;30-44;36;2023-11-26;1;100.00;100.000000
CUST716;Female;60+;146;2023-08-08;1;1200.00;1200.000000
CUST717;Male;45-59;296;2023-03-11;1;500.00;500.000000
CUST718;Female;45-59;129;2023-08-25;1;75.00;75.000000
CUST719;Female;30-44;272;2023-04-04;1;60.00;60.000000
CUST720;Female;45-59;340;2023-01-26;1;1500.00;1500.000000
CUST721;Female;45-59;232;2023-05-14;1;500.00;500.000000
CUST722;Male;18-29;171;2023-07-14;1;900.00;900.000000
CUST723;Female;45-59;198;2023-06-17;1;200.00;200.000000
CUST724;Male;60+;257;2023-04-19;1;150.00;150.000000
CUST725;Male;60+;133;2023-08-21;1;300.00;300.000000
CUST726;Male;45-59;198;2023-06-17;1;1200.00;1200.000000
CUST727;Male;45-59;193;2023-06-22;1;900.00;900.000000
CUST728;Male;45-59;171;2023-07-14;1;150.00;150.000000
CUST729;Male;18-29;223;2023-05-23;1;1200.00;1200.000000
CUST730;Female;30-44;150;2023-08-04;1;50.00;50.000000
CUST731;Male;45-59;236;2023-05-10;1;2000.00;2000.000000
CUST732;Male;60+;324;2023-02-11;1;1000.00;1000.000000
CUST733;Male;30-44;125;2023-08-29;1;30.00;30.000000
CUST734;Female;18-29;356;2023-01-10;1;30.00;30.000000
CUST735;Female;60+;89;2023-10-04;1;2000.00;2000.000000
CUST736;Male;18-29;339;2023-01-27;1;100.00;100.000000
CUST737;Female;30-44;186;2023-06-29;1;50.00;50.000000
CUST738;Male;30-44;251;2023-04-25;1;100.00;100.000000
CUST739;Male;30-44;33;2023-11-29;1;25.00;25.000000
CUST740;Female;18-29;330;2023-02-05;1;200.00;200.000000
CUST741;Male;45-59;32;2023-11-30;1;300.00;300.000000
CUST742;Female;30-44;345;2023-01-21;1;2000.00;2000.000000
CUST743;Female;30-44;350;2023-01-16;1;2000.00;2000.000000
CUST744;Male;30-44;239;2023-05-07;1;25.00;25.000000
CUST745;Male;45-59;263;2023-04-13;1;100.00;100.000000
CUST746;Female;30-44;355;2023-01-11;1;90.00;90.000000
CUST747;Male;18-29;47;2023-11-15;1;30.00;30.000000
CUST748;Male;18-29;287;2023-03-20;1;150.00;150.000000
CUST749;Male;30-44;243;2023-05-03;1;30.00;30.000000
CUST750;Female;30-44;301;2023-03-06;1;75.00;75.000000
CUST751;Female;30-44;123;2023-08-31;1;50.00;50.000000
CUST752;Male;18-29;23;2023-12-09;1;100.00;100.000000
CUST753;Female;30-44;307;2023-02-28;1;30.00;30.000000
CUST754;Female;30-44;77;2023-10-16;1;100.00;100.000000
CUST755;Female;45-59;254;2023-04-22;1;75.00;75.000000
CUST756;Female;60+;127;2023-08-27;1;1200.00;1200.000000
CUST757;Female;30-44;7;2023-12-25;1;1200.00;1200.000000
CUST758;Male;60+;234;2023-05-12;1;100.00;100.000000
CUST759;Male;45-59;177;2023-07-08;1;100.00;100.000000
CUST760;Male;18-29;280;2023-03-27;1;500.00;500.000000
CUST761;Female;30-44;55;2023-11-07;1;500.00;500.000000
CUST762;Female;18-29;55;2023-11-07;1;50.00;50.000000
CUST763;Male;30-44;307;2023-02-28;1;50.00;50.000000
CUST764;Female;30-44;282;2023-03-25;1;25.00;25.000000
CUST765;Male;30-44;206;2023-06-09;1;200.00;200.000000
CUST766;Male;30-44;310;2023-02-25;1;900.00;900.000000
CUST767;Male;30-44;69;2023-10-24;1;75.00;75.000000
CUST768;Female;18-29;352;2023-01-14;1;75.00;75.000000
CUST769;Female;30-44;206;2023-06-09;1;120.00;120.000000
CUST770;Male;30-44;71;2023-10-22;1;50.00;50.000000
CUST771;Male;18-29;19;2023-12-13;1;50.00;50.000000
CUST772;Male;18-29;173;2023-07-12;1;30.00;30.000000
CUST773;Male;18-29;162;2023-07-23;1;2000.00;2000.000000
CUST774;Female;30-44;264;2023-04-12;1;50.00;50.000000
CUST775;Female;45-59;327;2023-02-08;1;100.00;100.000000
CUST776;Male;30-44;62;2023-10-31;1;90.00;90.000000
CUST777;Male;45-59;12;2023-12-20;1;150.00;150.000000
CUST778;Female;45-59;44;2023-11-18;1;100.00;100.000000
CUST779;Female;45-59;241;2023-05-05;1;1000.00;1000.000000
CUST780;Male;45-59;313;2023-02-22;1;50.00;50.000000
CUST781;Male;30-44;9;2023-12-23;1;500.00;500.000000
CUST782;Male;45-59;211;2023-06-04;1;900.00;900.000000
CUST783;Female;45-59;15;2023-12-17;1;300.00;300.000000
CUST784;Female;30-44;58;2023-11-04;1;500.00;500.000000
CUST785;Female;30-44;304;2023-03-03;1;200.00;200.000000
CUST786;Male;45-59;76;2023-10-17;1;100.00;100.000000
CUST787;Male;30-44;344;2023-01-22;1;25.00;25.000000
CUST788;Female;45-59;188;2023-06-27;1;900.00;900.000000
CUST789;Female;60+;93;2023-09-30;1;2000.00;2000.000000
CUST790;Male;60+;146;2023-08-08;1;25.00;25.000000
CUST791;Female;45-59;27;2023-12-05;1;25.00;25.000000
CUST792;Female;18-29;176;2023-07-09;1;50.00;50.000000
CUST793;Male;45-59;330;2023-02-05;1;30.00;30.000000
CUST794;Female;60+;106;2023-09-17;1;300.00;300.000000
CUST795;Male;45-59;34;2023-11-28;1;300.00;300.000000
CUST796;Male;30-44;191;2023-06-24;1;120.00;120.000000
CUST797;Male;30-44;359;2023-01-07;1;75.00;75.000000
CUST798;Male;60+;150;2023-08-04;1;50.00;50.000000
CUST799;Male;45-59;115;2023-09-08;1;100.00;100.000000
CUST800;Male;30-44;311;2023-02-24;1;1200.00;1200.000000
CUST801;Male;18-29;144;2023-08-10;1;200.00;200.000000
CUST802;Female;45-59;180;2023-07-05;1;30.00;30.000000
CUST803;Male;30-44;40;2023-11-22;1;100.00;100.000000
CUST804;Male;30-44;130;2023-08-24;1;30.00;30.000000
CUST805;Female;30-44;3;2023-12-29;1;1500.00;1500.000000
CUST806;Female;30-44;287;2023-03-20;1;900.00;900.000000
CUST807;Female;45-59;143;2023-08-11;1;200.00;200.000000
CUST808;Male;30-44;275;2023-04-01;1;2000.00;2000.000000
CUST809;Female;60+;98;2023-09-25;1;100.00;100.000000
CUST810;Male;45-59;32;2023-11-30;1;100.00;100.000000
CUST811;Male;60+;227;2023-05-19;1;50.00;50.000000
CUST812;Male;18-29;50;2023-11-12;1;75.00;75.000000
CUST813;Male;45-59;90;2023-10-03;1;150.00;150.000000
CUST814;Female;45-59;118;2023-09-05;1;500.00;500.000000
CUST815;Female;45-59;127;2023-08-27;1;75.00;75.000000
CUST816;Male;45-59;142;2023-08-12;1;1000.00;1000.000000
CUST817;Male;30-44;62;2023-10-31;1;200.00;200.000000
CUST818;Male;30-44;228;2023-05-18;1;500.00;500.000000
CUST819;Female;30-44;200;2023-06-15;1;100.00;100.000000
CUST820;Male;45-59;240;2023-05-06;1;200.00;200.000000
CUST821;Male;45-59;321;2023-02-14;1;300.00;300.000000
CUST822;Female;45-59;223;2023-05-23;1;150.00;150.000000
CUST823;Female;45-59;135;2023-08-19;1;100.00;100.000000
CUST824;Male;60+;241;2023-05-05;1;120.00;120.000000
CUST825;Female;45-59;128;2023-08-26;1;25.00;25.000000
CUST826;Female;45-59;74;2023-10-19;1;300.00;300.000000
CUST827;Male;60+;53;2023-11-09;1;900.00;900.000000
CUST828;Female;30-44;23;2023-12-09;1;1200.00;1200.000000
CUST829;Male;60+;171;2023-07-14;1;90.00;90.000000
CUST830;Female;60+;193;2023-06-22;1;150.00;150.000000
CUST831;Male;18-29;351;2023-01-15;1;100.00;100.000000
CUST832;Male;45-59;112;2023-09-11;1;2000.00;2000.000000
CUST833;Male;30-44;199;2023-06-16;1;200.00;200.000000
CUST834;Female;45-59;272;2023-04-04;1;60.00;60.000000
CUST835;Male;30-44;116;2023-09-07;1;200.00;200.000000
CUST836;Female;18-29;257;2023-04-19;1;50.00;50.000000
CUST837;Male;18-29;184;2023-07-01;1;90.00;90.000000
CUST838;Male;45-59;233;2023-05-13;1;600.00;600.000000
CUST839;Female;18-29;191;2023-06-24;1;1200.00;1200.000000
CUST840;Male;60+;222;2023-05-24;1;50.00;50.000000
CUST841;Male;30-44;60;2023-11-02;1;100.00;100.000000
CUST842;Female;45-59;6;2023-12-26;1;600.00;600.000000
CUST843;Male;18-29;224;2023-05-22;1;1500.00;1500.000000
CUST844;Male;30-44;81;2023-10-12;1;150.00;150.000000
CUST845;Male;45-59;360;2023-01-06;1;500.00;500.000000
CUST846;Male;30-44;101;2023-09-22;1;50.00;50.000000
CUST847;Female;18-29;268;2023-04-08;1;1200.00;1200.000000
CUST848;Female;60+;322;2023-02-13;1;75.00;75.000000
CUST849;Male;30-44;242;2023-05-04;1;50.00;50.000000
CUST850;Female;18-29;157;2023-07-28;1;1000.00;1000.000000
CUST851;Male;30-44;115;2023-09-08;1;50.00;50.000000
CUST852;Female;30-44;81;2023-10-12;1;300.00;300.000000
CUST853;Male;18-29;242;2023-05-04;1;1000.00;1000.000000
CUST854;Male;18-29;12;2023-12-20;1;50.00;50.000000
CUST855;Male;45-59;122;2023-09-01;1;25.00;25.000000
CUST856;Male;45-59;35;2023-11-27;1;120.00;120.000000
CUST857;Male;60+;1;2023-12-31;1;50.00;50.000000
CUST858;Male;18-29;114;2023-09-09;1;100.00;100.000000
CUST859;Female;45-59;136;2023-08-18;1;1500.00;1500.000000
CUST860;Male;60+;357;2023-01-09;1;200.00;200.000000
CUST861;Female;30-44;318;2023-02-17;1;90.00;90.000000
CUST862;Male;18-29;215;2023-05-31;1;1200.00;1200.000000
CUST863;Female;30-44;252;2023-04-24;1;50.00;50.000000
CUST864;Female;45-59;158;2023-07-27;1;500.00;500.000000
CUST865;Female;30-44;11;2023-12-21;1;300.00;300.000000
CUST866;Male;18-29;241;2023-05-05;1;50.00;50.000000
CUST867;Male;18-29;209;2023-06-06;1;500.00;500.000000
CUST868;Female;18-29;26;2023-12-06;1;300.00;300.000000
CUST869;Male;30-44;68;2023-10-25;1;1500.00;1500.000000
CUST870;Female;45-59;177;2023-07-08;1;120.00;120.000000
CUST871;Male;60+;123;2023-08-31;1;60.00;60.000000
CUST872;Female;60+;82;2023-10-11;1;75.00;75.000000
CUST873;Female;18-29;94;2023-09-29;1;100.00;100.000000
CUST874;Male;60+;189;2023-06-26;1;30.00;30.000000
CUST875;Female;45-59;148;2023-08-06;1;2000.00;2000.000000
CUST876;Male;30-44;84;2023-10-09;1;120.00;120.000000
CUST877;Female;45-59;196;2023-06-19;1;25.00;25.000000
CUST878;Female;18-29;185;2023-06-30;1;30.00;30.000000
CUST879;Male;18-29;6;2023-12-26;1;30.00;30.000000
CUST880;Male;18-29;133;2023-08-21;1;1000.00;1000.000000
CUST881;Male;18-29;227;2023-05-19;1;300.00;300.000000
CUST882;Female;60+;209;2023-06-06;1;50.00;50.000000
CUST883;Male;30-44;237;2023-05-09;1;500.00;500.000000
CUST884;Female;18-29;247;2023-04-29;1;60.00;60.000000
CUST885;Female;45-59;304;2023-03-03;1;120.00;120.000000
CUST886;Male;30-44;267;2023-04-09;1;900.00;900.000000
CUST887;Male;45-59;204;2023-06-11;1;100.00;100.000000
CUST888;Female;45-59;304;2023-03-03;1;100.00;100.000000
CUST889;Female;30-44;91;2023-10-02;1;50.00;50.000000
CUST890;Male;30-44;12;2023-12-20;1;50.00;50.000000
CUST891;Male;30-44;271;2023-04-05;1;900.00;900.000000
CUST892;Male;18-29;267;2023-04-09;1;50.00;50.000000
CUST893;Male;45-59;255;2023-04-21;1;50.00;50.000000
CUST894;Male;45-59;118;2023-09-05;1;30.00;30.000000
CUST895;Female;45-59;224;2023-05-22;1;120.00;120.000000
CUST896;Female;30-44;64;2023-10-29;1;50.00;50.000000
CUST897;Female;60+;97;2023-09-26;1;100.00;100.000000
CUST898;Female;30-44;60;2023-11-02;1;90.00;90.000000
CUST899;Male;18-29;221;2023-05-25;1;600.00;600.000000
CUST900;Male;18-29;314;2023-02-21;1;60.00;60.000000
CUST901;Male;30-44;266;2023-04-10;1;30.00;30.000000
CUST902;Female;45-59;214;2023-06-01;1;50.00;50.000000
CUST903;Female;45-59;249;2023-04-27;1;200.00;200.000000
CUST904;Male;18-29;181;2023-07-04;1;500.00;500.000000
CUST905;Male;45-59;274;2023-04-02;1;300.00;300.000000
CUST906;Female;18-29;211;2023-06-04;1;50.00;50.000000
CUST907;Female;45-59;358;2023-01-08;1;25.00;25.000000
CUST908;Male;45-59;3;2023-12-29;1;1200.00;1200.000000
CUST909;Male;18-29;92;2023-10-01;1;300.00;300.000000
CUST910;Female;18-29;301;2023-03-06;1;150.00;150.000000
CUST911;Male;30-44;225;2023-05-21;1;900.00;900.000000
CUST912;Male;45-59;342;2023-01-24;1;150.00;150.000000
CUST913;Male;18-29;338;2023-01-28;1;90.00;90.000000
CUST914;Female;45-59;82;2023-10-11;1;500.00;500.000000
CUST915;Female;18-29;216;2023-05-30;1;90.00;90.000000
CUST916;Female;30-44;8;2023-12-24;1;50.00;50.000000
CUST917;Female;45-59;301;2023-03-06;1;200.00;200.000000
CUST918;Female;30-44;39;2023-11-23;1;90.00;90.000000
CUST919;Female;18-29;114;2023-09-09;1;50.00;50.000000
CUST920;Female;18-29;313;2023-02-22;1;75.00;75.000000
CUST921;Male;45-59;359;2023-01-07;1;75.00;75.000000
CUST922;Male;30-44;72;2023-10-21;1;50.00;50.000000
CUST923;Male;30-44;220;2023-05-26;1;900.00;900.000000
CUST924;Male;45-59;125;2023-08-29;1;100.00;100.000000
CUST925;Male;18-29;120;2023-09-03;1;300.00;300.000000
CUST926;Male;18-29;140;2023-08-14;1;30.00;30.000000
CUST927;Male;30-44;191;2023-06-24;1;2000.00;2000.000000
CUST928;Female;30-44;271;2023-04-05;1;1200.00;1200.000000
CUST929;Female;18-29;339;2023-01-27;1;75.00;75.000000
CUST930;Male;45-59;236;2023-05-10;1;200.00;200.000000
CUST931;Male;30-44;121;2023-09-02;1;120.00;120.000000
CUST932;Female;45-59;307;2023-02-28;1;100.00;100.000000
CUST933;Male;18-29;332;2023-02-03;1;30.00;30.000000
CUST934;Male;30-44;160;2023-07-25;1;500.00;500.000000
CUST935;Female;30-44;114;2023-09-09;1;50.00;50.000000
CUST936;Male;45-59;328;2023-02-07;1;200.00;200.000000
CUST937;Female;60+;70;2023-10-23;1;500.00;500.000000
CUST938;Male;45-59;43;2023-11-19;1;200.00;200.000000
CUST939;Female;45-59;14;2023-12-18;1;300.00;300.000000
CUST940;Female;18-29;338;2023-01-28;1;30.00;30.000000
CUST941;Female;45-59;288;2023-03-19;1;50.00;50.000000
CUST942;Male;45-59;289;2023-03-18;1;1500.00;1500.000000
CUST943;Female;45-59;77;2023-10-16;1;1200.00;1200.000000
CUST944;Male;30-44;210;2023-06-05;1;50.00;50.000000
CUST945;Male;30-44;322;2023-02-13;1;25.00;25.000000
CUST946;Male;60+;238;2023-05-08;1;2000.00;2000.000000
CUST947;Male;45-59;305;2023-03-02;1;300.00;300.000000
CUST948;Female;18-29;80;2023-10-13;1;75.00;75.000000
CUST949;Female;30-44;152;2023-08-02;1;50.00;50.000000
CUST950;Male;30-44;55;2023-11-07;1;900.00;900.000000
CUST951;Male;30-44;60;2023-11-02;1;100.00;100.000000
CUST952;Female;45-59;49;2023-11-13;1;25.00;25.000000
CUST953;Male;45-59;250;2023-04-26;1;90.00;90.000000
CUST954;Female;45-59;98;2023-09-25;1;900.00;900.000000
CUST955;Male;45-59;171;2023-07-14;1;25.00;25.000000
CUST956;Male;30-44;135;2023-08-19;1;1500.00;1500.000000
CUST957;Female;60+;139;2023-08-15;1;120.00;120.000000
CUST958;Male;60+;213;2023-06-02;1;50.00;50.000000
CUST959;Female;30-44;64;2023-10-29;1;60.00;60.000000
CUST960;Male;45-59;146;2023-08-08;1;60.00;60.000000
CUST961;Male;45-59;209;2023-06-06;1;200.00;200.000000
CUST962;Male;30-44;74;2023-10-19;1;60.00;60.000000
CUST963;Female;45-59;48;2023-11-14;1;50.00;50.000000
CUST964;Male;18-29;335;2023-01-31;1;900.00;900.000000
CUST965;Male;18-29;53;2023-11-09;1;200.00;200.000000
CUST966;Male;60+;315;2023-02-20;1;1000.00;1000.000000
CUST967;Male;60+;259;2023-04-17;1;25.00;25.000000
CUST968;Female;45-59;45;2023-11-17;1;900.00;900.000000
CUST969;Female;30-44;257;2023-04-19;1;900.00;900.000000
CUST970;Male;45-59;230;2023-05-16;1;2000.00;2000.000000
CUST971;Female;18-29;27;2023-12-05;1;200.00;200.000000
CUST972;Male;45-59;324;2023-02-11;1;100.00;100.000000
CUST973;Male;60+;285;2023-03-22;1;50.00;50.000000
CUST974;Male;45-59;243;2023-05-03;1;30.00;30.000000
CUST975;Female;45-59;277;2023-03-30;1;200.00;200.000000
CUST976;Female;45-59;83;2023-10-10;1;600.00;600.000000
CUST977;Female;30-44;327;2023-02-08;1;75.00;75.000000
CUST978;Female;45-59;285;2023-03-22;1;150.00;150.000000
CUST979;Female;18-29;364;2023-01-02;1;25.00;25.000000
CUST980;Female;30-44;156;2023-07-29;1;75.00;75.000000
CUST981;Female;30-44;135;2023-08-19;1;60.00;60.000000
CUST982;Female;45-59;13;2023-12-19;1;90.00;90.000000
CUST983;Female;18-29;61;2023-11-01;1;300.00;300.000000
CUST984;Male;45-59;125;2023-08-29;1;500.00;500.000000
CUST985;Female;18-29;216;2023-05-30;1;50.00;50.000000
CUST986;Female;45-59;349;2023-01-17;1;1000.00;1000.000000
CUST987;Female;30-44;247;2023-04-29;1;900.00;900.000000
CUST988;Female;60+;218;2023-05-28;1;75.00;75.000000
CUST989;Female;30-44;4;2023-12-28;1;25.00;25.000000
CUST990;Female;45-59;221;2023-05-25;1;1000.00;1000.000000
CUST991;Female;30-44;6;2023-12-26;1;100.00;100.000000
CUST992;Female;45-59;133;2023-08-21;1;60.00;60.000000
CUST993;Female;45-59;329;2023-02-06;1;150.00;150.000000
CUST994;Female;45-59;14;2023-12-18;1;1000.00;1000.000000
CUST995;Female;30-44;246;2023-04-30;1;30.00;30.000000
CUST996;Male;60+;230;2023-05-16;1;50.00;50.000000
CUST997;Male;45-59;45;2023-11-17;1;90.00;90.000000
CUST998;Female;18-29;64;2023-10-29;1;100.00;100.000000
CUST999;Female;30-44;27;2023-12-05;1;150.00;150.000000
